op_id,block_type,repeat,layers,h1,h2,op_type,input_shape,weight_shape,output_shape,depends_on,layer_idx,block,sub_block,depth,module_path,raw_op,params,phase,unmapped
0,embed,1,,model,embeddings,embedding,"[[V, d_model], [B, B]]","[V, d_model]","[[B, B, d_model]]",[],,other,,2,model.embeddings,aten.embedding.default,[model.embeddings.weight],decode,False
1,block,21,"0,2,4,6-7,9,11,14,16,19,21,23,26,28,30-31,34-36,38,40",norm,,rmsnorm,"[[B, B, d_model]]",[d_model],"[[B, B, d_model]]",[0],0,norm,,1,model.layers.0.norm,_to_copy+pow+mean+add+rsqrt+mul+_to_copy+mul,[model.layers.0.norm.weight],decode,False
2,block,21,"0,2,4,6-7,9,11,14,16,19,21,23,26,28,30-31,34-36,38,40",mixer,in_proj,matmul,"[[B, d_model], [d_model, 2*d_inner+2*n_g*d_state+n_h_ssm]]","[2*d_inner+2*n_g*d_state+n_h_ssm, d_model]","[[B, 2*d_inner+2*n_g*d_state+n_h_ssm]]",[1],0,mixer,in_proj,2,model.layers.0.mixer.in_proj,aten.mm.default,[model.layers.0.mixer.in_proj.weight],decode,False
3,block,21,"0,2,4,6-7,9,11,14,16,19,21,23,26,28,30-31,34-36,38,40",mixer,act,silu,"[[B, d_inner+2*n_g*d_state]]",,"[[B, d_inner+2*n_g*d_state]]",[2],0,mixer,act,2,model.layers.0.mixer.act,aten.silu.default,[],decode,False
4,block,21,"0,2,4,6-7,9,11,14,16,19,21,23,26,28,30-31,34-36,38,40",mixer,,exp,[[n_h_ssm]],,[[n_h_ssm]],[],0,mixer,,1,model.layers.0.mixer,aten.exp.default,[model.layers.0.mixer.A_log],decode,False
5,block,21,"0,2,4,6-7,9,11,14,16,19,21,23,26,28,30-31,34-36,38,40",mixer,,exp,"[[B, n_h_ssm, d_head_ssm, d_state]]",,"[[B, n_h_ssm, d_head_ssm, d_state]]","[2, 4]",0,mixer,,1,model.layers.0.mixer,aten.exp.default,[],decode,False
6,block,21,"0,2,4,6-7,9,11,14,16,19,21,23,26,28,30-31,34-36,38,40",mixer,,batched_matmul,"[[n_h_ssm, d_head_ssm, d_state], [n_h_ssm, d_state, B]]",,"[[n_h_ssm, d_head_ssm, B]]","[2, 3, 5]",0,mixer,,1,model.layers.0.mixer,aten.bmm.default,[],decode,False
7,block,21,"0,2,4,6-7,9,11,14,16,19,21,23,26,28,30-31,34-36,38,40",mixer,norm,rmsnorm,"[[B, B, d_inner]]",[d_inner],"[[B, B, d_inner]]","[2, 3, 6]",0,mixer,norm,2,model.layers.0.mixer.norm,_to_copy+_to_copy+silu+mul+view+pow+mean+add+rsqrt+mul+view+_to_copy+mul,[model.layers.0.mixer.norm.weight],decode,False
8,block,21,"0,2,4,6-7,9,11,14,16,19,21,23,26,28,30-31,34-36,38,40",mixer,out_proj,matmul,"[[B, d_inner], [d_inner, d_model]]","[d_model, d_inner]","[[B, d_model]]",[7],0,mixer,out_proj,2,model.layers.0.mixer.out_proj,aten.mm.default,[model.layers.0.mixer.out_proj.weight],decode,False
9,block,21,"0,2,4,6-7,9,11,14,16,19,21,23,26,28,30-31,34-36,38,40",,,elementwise_add,"[[B, B, d_model], [B, B, d_model]]",,"[[B, B, d_model]]","[0, 8]",0,,,0,model.layers.0,aten.add.Tensor,[],decode,False
10,FFN,17,"1,3,5,8,10,13,15,18,20,22,25,27,29,33,37,39,41",norm,,rmsnorm,"[[B, B, d_model]]",[d_model],"[[B, B, d_model]]",[9],1,norm,,1,model.layers.1.norm,_to_copy+pow+mean+add+rsqrt+mul+_to_copy+mul,[model.layers.1.norm.weight],decode,False
11,FFN,17,"1,3,5,8,10,13,15,18,20,22,25,27,29,33,37,39,41",mixer,up_proj,matmul,"[[B, d_model], [d_model, d_ff]]","[d_ff, d_model]","[[B, d_ff]]",[10],1,mixer,up_proj,2,model.layers.1.mixer.up_proj,aten.mm.default,[model.layers.1.mixer.up_proj.weight],decode,False
12,FFN,17,"1,3,5,8,10,13,15,18,20,22,25,27,29,33,37,39,41",mixer,act_fn,relu,"[[B, B, d_ff]]",,"[[B, B, d_ff]]",[11],1,mixer,act_fn,2,model.layers.1.mixer.act_fn,aten.relu.default,[],decode,True
13,FFN,17,"1,3,5,8,10,13,15,18,20,22,25,27,29,33,37,39,41",mixer,down_proj,matmul,"[[B, d_ff], [d_ff, d_model]]","[d_model, d_ff]","[[B, d_model]]",[12],1,mixer,down_proj,2,model.layers.1.mixer.down_proj,aten.mm.default,[model.layers.1.mixer.down_proj.weight],decode,False
14,FFN,17,"1,3,5,8,10,13,15,18,20,22,25,27,29,33,37,39,41",,,elementwise_add,"[[B, B, d_model], [B, B, d_model]]",,"[[B, B, d_model]]","[9, 13]",1,,,0,model.layers.1,aten.add.Tensor,[],decode,False
15,attn,4,"12,17,24,32",norm,,rmsnorm,"[[B, B, d_model]]",[d_model],"[[B, B, d_model]]",[9],12,norm,,1,model.layers.12.norm,_to_copy+pow+mean+add+rsqrt+mul+_to_copy+mul,[model.layers.12.norm.weight],decode,False
16,attn,4,"12,17,24,32",mixer,q_proj,matmul,"[[B, d_model], [d_model, n_h*d_head]]","[n_h*d_head, d_model]","[[B, n_h*d_head]]",[15],12,mixer,q_proj,2,model.layers.12.mixer.q_proj,aten.mm.default,[model.layers.12.mixer.q_proj.weight],decode,False
17,attn,4,"12,17,24,32",mixer,k_proj,matmul,"[[B, d_model], [d_model, n_kv*d_head]]","[n_kv*d_head, d_model]","[[B, n_kv*d_head]]",[15],12,mixer,k_proj,2,model.layers.12.mixer.k_proj,aten.mm.default,[model.layers.12.mixer.k_proj.weight],decode,False
18,attn,4,"12,17,24,32",mixer,v_proj,matmul,"[[B, d_model], [d_model, n_kv*d_head]]","[n_kv*d_head, d_model]","[[B, n_kv*d_head]]",[15],12,mixer,v_proj,2,model.layers.12.mixer.v_proj,aten.mm.default,[model.layers.12.mixer.v_proj.weight],decode,False
19,attn,4,"12,17,24,32",mixer,,batched_matmul,"[[n_h, B, d_state], [n_h, d_state, T+1]]",,"[[n_h, B, T+1]]","[16, 17]",12,mixer,,1,model.layers.12.mixer,aten.bmm.default,[],decode,False
20,attn,4,"12,17,24,32",mixer,,softmax,"[[B, n_h, B, T+1]]",,"[[B, n_h, B, T+1]]",[19],12,mixer,,1,model.layers.12.mixer,aten._safe_softmax.default,[],decode,False
21,attn,4,"12,17,24,32",mixer,,batched_matmul,"[[n_h, B, T+1], [n_h, T+1, d_state]]",,"[[n_h, B, d_state]]","[18, 20]",12,mixer,,1,model.layers.12.mixer,aten.bmm.default,[],decode,False
22,attn,4,"12,17,24,32",mixer,o_proj,matmul,"[[B, n_h*d_head], [n_h*d_head, d_model]]","[d_model, n_h*d_head]","[[B, d_model]]",[21],12,mixer,o_proj,2,model.layers.12.mixer.o_proj,aten.mm.default,[model.layers.12.mixer.o_proj.weight],decode,False
23,attn,4,"12,17,24,32",,,elementwise_add,"[[B, B, d_model], [B, B, d_model]]",,"[[B, B, d_model]]","[9, 22]",12,,,0,model.layers.12,aten.add.Tensor,[],decode,False
24,norm,1,,model,norm_f,rmsnorm,"[[B, B, d_model]]",[d_model],"[[B, B, d_model]]",[14],,other,,2,model.norm_f,_to_copy+pow+mean+add+rsqrt+mul+_to_copy+mul,[model.norm_f.weight],decode,False
25,head,1,,lm_head,,matmul,"[[B, d_model], [d_model, V]]","[V, d_model]","[[B, V]]",[24],,other,,1,lm_head,aten.mm.default,[lm_head.weight],decode,False
