op_id,block_type,repeat,layers,h1,h2,h3,h4,h5,op_type,input_shape,weight_shape,weight_pos,output_shape,depends_on,layer_idx,block,sub_block,depth,module_path,raw_op,params,phase,unmapped
0,embed,1,,model,embed_tokens,,,,embedding,"[[V, d_model], [B, 1]]","[V, d_model]",0,"[[B, 1, d_model]]",[],,other,,2,model.embed_tokens,aten.embedding.default,[model.embed_tokens.weight],decode,False
1,MLA+MoE,2,0-1,attn_hc,input_norm,,,,rmsnorm,"[[B, 1, n_hc*d_model]]",,,"[[B, 1, n_hc*d_model]]",[0],0,attn_hc,input_norm,2,model.layers.0.attn_hc.input_norm,pow+mean+add+rsqrt+mul,[],decode,False
2,MLA+MoE,2,0-1,attn_hc,,,,,matmul,"[[B, n_hc*d_model], [n_hc*d_model, (2+n_hc)*n_hc]]","[(2+n_hc)*n_hc, n_hc*d_model]",1,"[[B, (2+n_hc)*n_hc]]",[1],0,attn_hc,,1,model.layers.0.attn_hc,aten.mm.default,[model.layers.0.attn_hc.fn],decode,False
3,MLA+MoE,2,0-1,attn_hc,,,,,sigmoid,"[[B, 1, n_hc]]",,,"[[B, 1, n_hc]]",[2],0,attn_hc,,1,model.layers.0.attn_hc,aten.sigmoid.default,[],decode,False
4,MLA+MoE,2,0-1,attn_hc,,,,,sigmoid,"[[B, 1, n_hc]]",,,"[[B, 1, n_hc]]",[2],0,attn_hc,,1,model.layers.0.attn_hc,aten.sigmoid.default,[],decode,False
5,MLA+MoE,2,0-1,attn_hc,,,,,softmax,"[[B, 1, n_hc, n_hc]]",,,"[[B, 1, n_hc, n_hc]]",[2],0,attn_hc,,1,model.layers.0.attn_hc,aten._softmax.default,[],decode,False
6,MLA+MoE,2,0-1,input_layernorm,,,,,rmsnorm,"[[B, 1, d_model]]",[d_model],-1,"[[B, 1, d_model]]","[0, 3]",0,input_layernorm,,1,model.layers.0.input_layernorm,_to_copy+pow+mean+add+rsqrt+mul+_to_copy+mul,[model.layers.0.input_layernorm.weight],decode,False
7,MLA+MoE,2,0-1,self_attn,q_a_proj,,,,matmul,"[[B, d_model], [d_model, c_q]]","[c_q, n_h*d_head/g_o]",1,"[[B, c_q]]",[6],0,self_attn,q_a_proj,2,model.layers.0.self_attn.q_a_proj,aten.mm.default,[model.layers.0.self_attn.q_a_proj.weight],decode,False
8,MLA+MoE,2,0-1,self_attn,q_a_norm,,,,rmsnorm,"[[B, 1, c_q]]",[c_q],-1,"[[B, 1, c_q]]",[7],0,self_attn,q_a_norm,2,model.layers.0.self_attn.q_a_norm,_to_copy+pow+mean+add+rsqrt+mul+_to_copy+mul,[model.layers.0.self_attn.q_a_norm.weight],decode,False
9,MLA+MoE,2,0-1,self_attn,q_b_proj,,,,matmul,"[[B, c_q], [c_q, n_h*d_head]]","[n_h*d_head, c_q]",1,"[[B, n_h*d_head]]",[8],0,self_attn,q_b_proj,2,model.layers.0.self_attn.q_b_proj,aten.mm.default,[model.layers.0.self_attn.q_b_proj.weight],decode,False
10,MLA+MoE,2,0-1,self_attn,q_b_norm,,,,rmsnorm,"[[B, n_h, 1, d_head]]",,,"[[B, n_h, 1, d_head]]",[9],0,self_attn,q_b_norm,2,model.layers.0.self_attn.q_b_norm,_to_copy+pow+mean+add+rsqrt+_to_copy+mul,[],decode,False
11,MLA+MoE,2,0-1,self_attn,kv_proj,,,,matmul,"[[B, d_model], [d_model, d_head]]","[d_head, n_h*d_head/g_o]",1,"[[B, d_head]]",[6],0,self_attn,kv_proj,2,model.layers.0.self_attn.kv_proj,aten.mm.default,[model.layers.0.self_attn.kv_proj.weight],decode,False
12,MLA+MoE,2,0-1,self_attn,kv_norm,,,,rmsnorm,"[[B, 1, d_head]]",[d_head],-1,"[[B, 1, d_head]]",[11],0,self_attn,kv_norm,2,model.layers.0.self_attn.kv_norm,_to_copy+pow+mean+add+rsqrt+mul+_to_copy+mul,[model.layers.0.self_attn.kv_norm.weight],decode,False
13,MLA+MoE,2,0-1,self_attn,,,,,batched_matmul,"[[n_h, B, d_head], [n_h, d_head, w_local]]",,,"[[n_h, B, w_local]]","[10, 12]",0,self_attn,,1,model.layers.0.self_attn,aten.bmm.default,[],decode,False
14,MLA+MoE,2,0-1,self_attn,,,,,softmax,"[[B, n_h, 1, w_local+1]]",,,"[[B, n_h, 1, w_local+1]]",[13],0,self_attn,,1,model.layers.0.self_attn,aten._softmax.default,[],decode,False
15,MLA+MoE,2,0-1,self_attn,,,,,batched_matmul,"[[n_h, B, w_local], [n_h, w_local, d_head]]",,,"[[n_h, B, d_head]]","[12, 14]",0,self_attn,,1,model.layers.0.self_attn,aten.bmm.default,[],decode,False
16,MLA+MoE,2,0-1,self_attn,o_a_proj,,,,batched_matmul,"[[g_o, B, n_h*d_head/g_o], [g_o, n_h*d_head/g_o, c_q]]","[g_o*d_g, n_h*d_head/g_o]",-1,"[[g_o, B, c_q]]",[15],0,self_attn,o_a_proj,2,model.layers.0.self_attn.o_a_proj,aten.bmm.default,[model.layers.0.self_attn.o_a_proj.weight],decode,False
17,MLA+MoE,2,0-1,self_attn,o_b_proj,,,,matmul,"[[B, g_o*d_g], [g_o*d_g, n_h*d_head/g_o]]","[n_h*d_head/g_o, g_o*d_g]",1,"[[B, n_h*d_head/g_o]]",[16],0,self_attn,o_b_proj,2,model.layers.0.self_attn.o_b_proj,aten.mm.default,[model.layers.0.self_attn.o_b_proj.weight],decode,False
18,MLA+MoE,2,0-1,,,,,,elementwise_mul,"[[B, 1, n_hc, 1], [B, 1, 1, d_model]]",,,"[[B, 1, n_hc, d_model]]","[4, 17]",0,,,0,model.layers.0,aten.mul.Tensor,[],decode,False
19,MLA+MoE,2,0-1,,,,,,batched_matmul,"[[B, n_hc, n_hc], [B, n_hc, d_model]]",,,"[[B, n_hc, d_model]]","[0, 5]",0,,,0,model.layers.0,aten.bmm.default,[],decode,False
20,MLA+MoE,2,0-1,,,,,,elementwise_add,"[[B, 1, n_hc, d_model], [B, 1, n_hc, d_model]]",,,"[[B, 1, n_hc, d_model]]","[18, 19]",0,,,0,model.layers.0,aten.add.Tensor,[],decode,False
21,MLA+MoE,2,0-1,ffn_hc,input_norm,,,,rmsnorm,"[[B, 1, n_hc*d_model]]",,,"[[B, 1, n_hc*d_model]]",[20],0,ffn_hc,input_norm,2,model.layers.0.ffn_hc.input_norm,pow+mean+add+rsqrt+mul,[],decode,False
22,MLA+MoE,2,0-1,ffn_hc,,,,,matmul,"[[B, n_hc*d_model], [n_hc*d_model, (2+n_hc)*n_hc]]","[(2+n_hc)*n_hc, n_hc*d_model]",1,"[[B, (2+n_hc)*n_hc]]",[21],0,ffn_hc,,1,model.layers.0.ffn_hc,aten.mm.default,[model.layers.0.ffn_hc.fn],decode,False
23,MLA+MoE,2,0-1,ffn_hc,,,,,sigmoid,"[[B, 1, n_hc]]",,,"[[B, 1, n_hc]]",[22],0,ffn_hc,,1,model.layers.0.ffn_hc,aten.sigmoid.default,[],decode,False
24,MLA+MoE,2,0-1,ffn_hc,,,,,sigmoid,"[[B, 1, n_hc]]",,,"[[B, 1, n_hc]]",[22],0,ffn_hc,,1,model.layers.0.ffn_hc,aten.sigmoid.default,[],decode,False
25,MLA+MoE,2,0-1,ffn_hc,,,,,softmax,"[[B, 1, n_hc, n_hc]]",,,"[[B, 1, n_hc, n_hc]]",[22],0,ffn_hc,,1,model.layers.0.ffn_hc,aten._softmax.default,[],decode,False
26,MLA+MoE,2,0-1,ffn_hc,,,,,elementwise_mul,"[[B, 1, n_hc, 1], [B, 1, n_hc, d_model]]",,,"[[B, 1, n_hc, d_model]]","[20, 23]",0,ffn_hc,,1,model.layers.0.ffn_hc,aten.mul.Tensor,[],decode,False
27,MLA+MoE,2,0-1,ffn_hc,,,,,sum,"[[B, 1, n_hc, d_model]]",,,"[[B, 1, d_model]]",[26],0,ffn_hc,,1,model.layers.0.ffn_hc,aten.sum.dim_IntList,[],decode,True
28,MLA+MoE,2,0-1,post_attention_layernorm,,,,,rmsnorm,"[[B, 1, d_model]]",[d_model],-1,"[[B, 1, d_model]]",[27],0,post_attention_layernorm,,1,model.layers.0.post_attention_layernorm,_to_copy+pow+mean+add+rsqrt+mul+_to_copy+mul,[model.layers.0.post_attention_layernorm.weight],decode,False
29,MLA+MoE,2,0-1,mlp,gate,,,,matmul,"[[B, d_model], [d_model, E]]","[E, d_model]",1,"[[B, E]]",[28],0,mlp,gate,2,model.layers.0.mlp.gate,aten.mm.default,[model.layers.0.mlp.gate.weight],decode,False
30,MLA+MoE,2,0-1,mlp,experts,,,,grouped_matmul,"[[k, d_model], [E, d_model, d_model], [E]]","[E, d_model, d_model]",1,"[[k, 2*d_moe]]",[28],0,mlp,experts,2,model.layers.0.mlp.experts,aten._grouped_mm.default,[model.layers.0.mlp.experts.gate_up_proj],decode,False
31,MLA+MoE,2,0-1,mlp,experts,act_fn,,,silu,"[[k, d_moe]]",,,"[[k, d_moe]]",[30],0,mlp,experts,3,model.layers.0.mlp.experts.act_fn,aten.silu.default,[],decode,False
32,MLA+MoE,2,0-1,mlp,experts,,,,elementwise_mul,"[[k, d_moe], [k, d_moe]]",,,"[[k, d_moe]]","[30, 31]",0,mlp,experts,2,model.layers.0.mlp.experts,aten.mul.Tensor,[],decode,False
33,MLA+MoE,2,0-1,mlp,experts,,,,grouped_matmul,"[[k, d_moe], [E, d_moe, d_model], [E]]","[E, d_model, d_moe]",1,"[[k, d_model]]",[32],0,mlp,experts,2,model.layers.0.mlp.experts,aten._grouped_mm.default,[model.layers.0.mlp.experts.down_proj],decode,False
34,MLA+MoE,2,0-1,mlp,experts,,,,elementwise_mul,"[[k, d_model], [k, B]]",,,"[[k, d_model]]","[29, 33]",0,mlp,experts,2,model.layers.0.mlp.experts,aten.mul.Tensor,[],decode,False
35,MLA+MoE,2,0-1,mlp,experts,,,,sum,"[[B, k, d_model]]",,,"[[B, d_model]]",[34],0,mlp,experts,2,model.layers.0.mlp.experts,aten.sum.dim_IntList,[],decode,True
36,MLA+MoE,2,0-1,mlp,shared_experts,gate_proj,,,matmul,"[[B, d_model], [d_model, d_moe]]","[d_moe, d_model]",1,"[[B, d_moe]]",[28],0,mlp,shared_experts,3,model.layers.0.mlp.shared_experts.gate_proj,aten.mm.default,[model.layers.0.mlp.shared_experts.gate_proj.weight],decode,False
37,MLA+MoE,2,0-1,mlp,shared_experts,up_proj,,,matmul,"[[B, d_model], [d_model, d_moe]]","[d_moe, d_model]",1,"[[B, d_moe]]",[28],0,mlp,shared_experts,3,model.layers.0.mlp.shared_experts.up_proj,aten.mm.default,[model.layers.0.mlp.shared_experts.up_proj.weight],decode,False
38,MLA+MoE,2,0-1,mlp,shared_experts,act_fn,,,silu,"[[B, 1, d_moe]]",,,"[[B, 1, d_moe]]",[36],0,mlp,shared_experts,3,model.layers.0.mlp.shared_experts.act_fn,aten.silu.default,[],decode,False
39,MLA+MoE,2,0-1,mlp,shared_experts,,,,elementwise_mul,"[[B, 1, d_moe], [B, 1, d_moe]]",,,"[[B, 1, d_moe]]","[37, 38]",0,mlp,shared_experts,2,model.layers.0.mlp.shared_experts,aten.mul.Tensor,[],decode,False
40,MLA+MoE,2,0-1,mlp,shared_experts,down_proj,,,matmul,"[[B, d_moe], [d_moe, d_model]]","[d_model, d_moe]",1,"[[B, d_model]]",[39],0,mlp,shared_experts,3,model.layers.0.mlp.shared_experts.down_proj,aten.mm.default,[model.layers.0.mlp.shared_experts.down_proj.weight],decode,False
41,MLA+MoE,2,0-1,mlp,,,,,elementwise_add,"[[B, 1, d_model], [B, 1, d_model]]",,,"[[B, 1, d_model]]","[35, 40]",0,mlp,,1,model.layers.0.mlp,aten.add.Tensor,[],decode,False
42,MLA+MoE,2,0-1,,,,,,elementwise_mul,"[[B, 1, n_hc, 1], [B, 1, 1, d_model]]",,,"[[B, 1, n_hc, d_model]]","[24, 41]",0,,,0,model.layers.0,aten.mul.Tensor,[],decode,False
43,MLA+MoE,2,0-1,,,,,,batched_matmul,"[[B, n_hc, n_hc], [B, n_hc, d_model]]",,,"[[B, n_hc, d_model]]","[20, 25]",0,,,0,model.layers.0,aten.bmm.default,[],decode,False
44,MLA+MoE,2,0-1,,,,,,elementwise_add,"[[B, 1, n_hc, d_model], [B, 1, n_hc, d_model]]",,,"[[B, 1, n_hc, d_model]]","[42, 43]",0,,,0,model.layers.0,aten.add.Tensor,[],decode,False
45,MLA+MoE,1,2,attn_hc,input_norm,,,,rmsnorm,"[[B, 1, n_hc*d_model]]",,,"[[B, 1, n_hc*d_model]]",[44],2,attn_hc,input_norm,2,model.layers.2.attn_hc.input_norm,pow+mean+add+rsqrt+mul,[],decode,False
46,MLA+MoE,1,2,attn_hc,,,,,matmul,"[[B, n_hc*d_model], [n_hc*d_model, (2+n_hc)*n_hc]]","[(2+n_hc)*n_hc, n_hc*d_model]",1,"[[B, (2+n_hc)*n_hc]]",[45],2,attn_hc,,1,model.layers.2.attn_hc,aten.mm.default,[model.layers.2.attn_hc.fn],decode,False
47,MLA+MoE,1,2,attn_hc,,,,,sigmoid,"[[B, 1, n_hc]]",,,"[[B, 1, n_hc]]",[46],2,attn_hc,,1,model.layers.2.attn_hc,aten.sigmoid.default,[],decode,False
48,MLA+MoE,1,2,attn_hc,,,,,sigmoid,"[[B, 1, n_hc]]",,,"[[B, 1, n_hc]]",[46],2,attn_hc,,1,model.layers.2.attn_hc,aten.sigmoid.default,[],decode,False
49,MLA+MoE,1,2,attn_hc,,,,,softmax,"[[B, 1, n_hc, n_hc]]",,,"[[B, 1, n_hc, n_hc]]",[46],2,attn_hc,,1,model.layers.2.attn_hc,aten._softmax.default,[],decode,False
50,MLA+MoE,1,2,input_layernorm,,,,,rmsnorm,"[[B, 1, d_model]]",[d_model],-1,"[[B, 1, d_model]]","[44, 47]",2,input_layernorm,,1,model.layers.2.input_layernorm,_to_copy+pow+mean+add+rsqrt+mul+_to_copy+mul,[model.layers.2.input_layernorm.weight],decode,False
51,MLA+MoE,1,2,self_attn,q_a_proj,,,,matmul,"[[B, d_model], [d_model, c_q]]","[c_q, n_h*d_head/g_o]",1,"[[B, c_q]]",[50],2,self_attn,q_a_proj,2,model.layers.2.self_attn.q_a_proj,aten.mm.default,[model.layers.2.self_attn.q_a_proj.weight],decode,False
52,MLA+MoE,1,2,self_attn,q_a_norm,,,,rmsnorm,"[[B, 1, c_q]]",[c_q],-1,"[[B, 1, c_q]]",[51],2,self_attn,q_a_norm,2,model.layers.2.self_attn.q_a_norm,_to_copy+pow+mean+add+rsqrt+mul+_to_copy+mul,[model.layers.2.self_attn.q_a_norm.weight],decode,False
53,MLA+MoE,1,2,self_attn,q_b_proj,,,,matmul,"[[B, c_q], [c_q, n_h*d_head]]","[n_h*d_head, c_q]",1,"[[B, n_h*d_head]]",[52],2,self_attn,q_b_proj,2,model.layers.2.self_attn.q_b_proj,aten.mm.default,[model.layers.2.self_attn.q_b_proj.weight],decode,False
54,MLA+MoE,1,2,self_attn,q_b_norm,,,,rmsnorm,"[[B, n_h, 1, d_head]]",,,"[[B, n_h, 1, d_head]]",[53],2,self_attn,q_b_norm,2,model.layers.2.self_attn.q_b_norm,_to_copy+pow+mean+add+rsqrt+_to_copy+mul,[],decode,False
55,MLA+MoE,1,2,self_attn,kv_proj,,,,matmul,"[[B, d_model], [d_model, d_head]]","[d_head, n_h*d_head/g_o]",1,"[[B, d_head]]",[50],2,self_attn,kv_proj,2,model.layers.2.self_attn.kv_proj,aten.mm.default,[model.layers.2.self_attn.kv_proj.weight],decode,False
56,MLA+MoE,1,2,self_attn,kv_norm,,,,rmsnorm,"[[B, 1, d_head]]",[d_head],-1,"[[B, 1, d_head]]",[55],2,self_attn,kv_norm,2,model.layers.2.self_attn.kv_norm,_to_copy+pow+mean+add+rsqrt+mul+_to_copy+mul,[model.layers.2.self_attn.kv_norm.weight],decode,False
57,MLA+MoE,1,2,self_attn,compressor,kv_proj,,,matmul,"[[B, d_model], [d_model, c_q]]","[c_q, n_h*d_head/g_o]",1,"[[B, c_q]]",[50],2,self_attn,compressor,3,model.layers.2.self_attn.compressor.kv_proj,aten.mm.default,[model.layers.2.self_attn.compressor.kv_proj.weight],decode,False
58,MLA+MoE,1,2,self_attn,compressor,gate_proj,,,matmul,"[[B, d_model], [d_model, c_q]]","[c_q, n_h*d_head/g_o]",1,"[[B, c_q]]",[50],2,self_attn,compressor,3,model.layers.2.self_attn.compressor.gate_proj,aten.mm.default,[model.layers.2.self_attn.compressor.gate_proj.weight],decode,False
59,MLA+MoE,1,2,self_attn,compressor,indexer,kv_proj,,matmul,"[[B, d_model], [d_model, d_head/2]]","[d_head/2, n_h*d_head/g_o]",1,"[[B, d_head/2]]",[50],2,self_attn,compressor,4,model.layers.2.self_attn.compressor.indexer.kv_proj,aten.mm.default,[model.layers.2.self_attn.compressor.indexer.kv_proj.weight],decode,False
60,MLA+MoE,1,2,self_attn,compressor,indexer,gate_proj,,matmul,"[[B, d_model], [d_model, d_head/2]]","[d_head/2, n_h*d_head/g_o]",1,"[[B, d_head/2]]",[50],2,self_attn,compressor,4,model.layers.2.self_attn.compressor.indexer.gate_proj,aten.mm.default,[model.layers.2.self_attn.compressor.indexer.gate_proj.weight],decode,False
61,MLA+MoE,1,2,self_attn,compressor,indexer,q_b_proj,,matmul,"[[B, c_q], [c_q, g_o*d_g]]","[g_o*d_g, c_q]",1,"[[B, g_o*d_g]]",[52],2,self_attn,compressor,4,model.layers.2.self_attn.compressor.indexer.q_b_proj,aten.mm.default,[model.layers.2.self_attn.compressor.indexer.q_b_proj.weight],decode,False
62,MLA+MoE,1,2,self_attn,compressor,indexer,scorer,,batched_matmul,"[[B, n_h, c_I], [B, c_I, T/m_csa]]",,,"[[B, n_h, T/m_csa]]",[61],2,self_attn,compressor,4,model.layers.2.self_attn.compressor.indexer.scorer,aten.bmm.default,[],decode,False
63,MLA+MoE,1,2,self_attn,compressor,indexer,scorer,,relu,"[[B, 1, n_h, T/m_csa]]",,,"[[B, 1, n_h, T/m_csa]]",[62],2,self_attn,compressor,4,model.layers.2.self_attn.compressor.indexer.scorer,aten.relu.default,[],decode,True
64,MLA+MoE,1,2,self_attn,compressor,indexer,scorer,weights_proj,matmul,"[[B, d_model], [d_model, n_h]]","[n_h, n_h*d_head/g_o]",1,"[[B, n_h]]",[50],2,self_attn,compressor,5,model.layers.2.self_attn.compressor.indexer.scorer.weights_proj,aten.mm.default,[model.layers.2.self_attn.compressor.indexer.scorer.weights_proj.weight],decode,False
65,MLA+MoE,1,2,self_attn,,,,,batched_matmul,"[[n_h, B, d_head], [n_h, d_head, w_local+T/m_csa]]",,,"[[n_h, B, w_local+T/m_csa]]","[54, 56]",2,self_attn,,1,model.layers.2.self_attn,aten.bmm.default,[],decode,False
66,MLA+MoE,1,2,self_attn,,,,,softmax,"[[B, n_h, 1, w_local+T/m_csa+1]]",,,"[[B, n_h, 1, w_local+T/m_csa+1]]","[63, 64, 65]",2,self_attn,,1,model.layers.2.self_attn,aten._softmax.default,[],decode,False
67,MLA+MoE,1,2,self_attn,,,,,batched_matmul,"[[n_h, B, w_local+T/m_csa], [n_h, w_local+T/m_csa, d_head]]",,,"[[n_h, B, d_head]]","[56, 66]",2,self_attn,,1,model.layers.2.self_attn,aten.bmm.default,[],decode,False
68,MLA+MoE,1,2,self_attn,o_a_proj,,,,batched_matmul,"[[g_o, B, n_h*d_head/g_o], [g_o, n_h*d_head/g_o, c_q]]","[g_o*d_g, n_h*d_head/g_o]",-1,"[[g_o, B, c_q]]",[67],2,self_attn,o_a_proj,2,model.layers.2.self_attn.o_a_proj,aten.bmm.default,[model.layers.2.self_attn.o_a_proj.weight],decode,False
69,MLA+MoE,1,2,self_attn,o_b_proj,,,,matmul,"[[B, g_o*d_g], [g_o*d_g, n_h*d_head/g_o]]","[n_h*d_head/g_o, g_o*d_g]",1,"[[B, n_h*d_head/g_o]]",[68],2,self_attn,o_b_proj,2,model.layers.2.self_attn.o_b_proj,aten.mm.default,[model.layers.2.self_attn.o_b_proj.weight],decode,False
70,MLA+MoE,1,2,,,,,,elementwise_mul,"[[B, 1, n_hc, 1], [B, 1, 1, d_model]]",,,"[[B, 1, n_hc, d_model]]","[48, 69]",2,,,0,model.layers.2,aten.mul.Tensor,[],decode,False
71,MLA+MoE,1,2,,,,,,batched_matmul,"[[B, n_hc, n_hc], [B, n_hc, d_model]]",,,"[[B, n_hc, d_model]]","[44, 49]",2,,,0,model.layers.2,aten.bmm.default,[],decode,False
72,MLA+MoE,1,2,,,,,,elementwise_add,"[[B, 1, n_hc, d_model], [B, 1, n_hc, d_model]]",,,"[[B, 1, n_hc, d_model]]","[70, 71]",2,,,0,model.layers.2,aten.add.Tensor,[],decode,False
73,MLA+MoE,1,2,ffn_hc,input_norm,,,,rmsnorm,"[[B, 1, n_hc*d_model]]",,,"[[B, 1, n_hc*d_model]]",[72],2,ffn_hc,input_norm,2,model.layers.2.ffn_hc.input_norm,pow+mean+add+rsqrt+mul,[],decode,False
74,MLA+MoE,1,2,ffn_hc,,,,,matmul,"[[B, n_hc*d_model], [n_hc*d_model, (2+n_hc)*n_hc]]","[(2+n_hc)*n_hc, n_hc*d_model]",1,"[[B, (2+n_hc)*n_hc]]",[73],2,ffn_hc,,1,model.layers.2.ffn_hc,aten.mm.default,[model.layers.2.ffn_hc.fn],decode,False
75,MLA+MoE,1,2,ffn_hc,,,,,sigmoid,"[[B, 1, n_hc]]",,,"[[B, 1, n_hc]]",[74],2,ffn_hc,,1,model.layers.2.ffn_hc,aten.sigmoid.default,[],decode,False
76,MLA+MoE,1,2,ffn_hc,,,,,sigmoid,"[[B, 1, n_hc]]",,,"[[B, 1, n_hc]]",[74],2,ffn_hc,,1,model.layers.2.ffn_hc,aten.sigmoid.default,[],decode,False
77,MLA+MoE,1,2,ffn_hc,,,,,softmax,"[[B, 1, n_hc, n_hc]]",,,"[[B, 1, n_hc, n_hc]]",[74],2,ffn_hc,,1,model.layers.2.ffn_hc,aten._softmax.default,[],decode,False
78,MLA+MoE,1,2,ffn_hc,,,,,elementwise_mul,"[[B, 1, n_hc, 1], [B, 1, n_hc, d_model]]",,,"[[B, 1, n_hc, d_model]]","[72, 75]",2,ffn_hc,,1,model.layers.2.ffn_hc,aten.mul.Tensor,[],decode,False
79,MLA+MoE,1,2,ffn_hc,,,,,sum,"[[B, 1, n_hc, d_model]]",,,"[[B, 1, d_model]]",[78],2,ffn_hc,,1,model.layers.2.ffn_hc,aten.sum.dim_IntList,[],decode,True
80,MLA+MoE,1,2,post_attention_layernorm,,,,,rmsnorm,"[[B, 1, d_model]]",[d_model],-1,"[[B, 1, d_model]]",[79],2,post_attention_layernorm,,1,model.layers.2.post_attention_layernorm,_to_copy+pow+mean+add+rsqrt+mul+_to_copy+mul,[model.layers.2.post_attention_layernorm.weight],decode,False
81,MLA+MoE,1,2,mlp,gate,,,,matmul,"[[B, d_model], [d_model, E]]","[E, d_model]",1,"[[B, E]]",[80],2,mlp,gate,2,model.layers.2.mlp.gate,aten.mm.default,[model.layers.2.mlp.gate.weight],decode,False
82,MLA+MoE,1,2,mlp,experts,,,,grouped_matmul,"[[k, d_model], [E, d_model, d_model], [E]]","[E, d_model, d_model]",1,"[[k, 2*d_moe]]",[80],2,mlp,experts,2,model.layers.2.mlp.experts,aten._grouped_mm.default,[model.layers.2.mlp.experts.gate_up_proj],decode,False
83,MLA+MoE,1,2,mlp,experts,act_fn,,,silu,"[[k, d_moe]]",,,"[[k, d_moe]]",[82],2,mlp,experts,3,model.layers.2.mlp.experts.act_fn,aten.silu.default,[],decode,False
84,MLA+MoE,1,2,mlp,experts,,,,elementwise_mul,"[[k, d_moe], [k, d_moe]]",,,"[[k, d_moe]]","[82, 83]",2,mlp,experts,2,model.layers.2.mlp.experts,aten.mul.Tensor,[],decode,False
85,MLA+MoE,1,2,mlp,experts,,,,grouped_matmul,"[[k, d_moe], [E, d_moe, d_model], [E]]","[E, d_model, d_moe]",1,"[[k, d_model]]",[84],2,mlp,experts,2,model.layers.2.mlp.experts,aten._grouped_mm.default,[model.layers.2.mlp.experts.down_proj],decode,False
86,MLA+MoE,1,2,mlp,experts,,,,elementwise_mul,"[[k, d_model], [k, B]]",,,"[[k, d_model]]","[81, 85]",2,mlp,experts,2,model.layers.2.mlp.experts,aten.mul.Tensor,[],decode,False
87,MLA+MoE,1,2,mlp,experts,,,,sum,"[[B, k, d_model]]",,,"[[B, d_model]]",[86],2,mlp,experts,2,model.layers.2.mlp.experts,aten.sum.dim_IntList,[],decode,True
88,MLA+MoE,1,2,mlp,shared_experts,gate_proj,,,matmul,"[[B, d_model], [d_model, d_moe]]","[d_moe, d_model]",1,"[[B, d_moe]]",[80],2,mlp,shared_experts,3,model.layers.2.mlp.shared_experts.gate_proj,aten.mm.default,[model.layers.2.mlp.shared_experts.gate_proj.weight],decode,False
89,MLA+MoE,1,2,mlp,shared_experts,up_proj,,,matmul,"[[B, d_model], [d_model, d_moe]]","[d_moe, d_model]",1,"[[B, d_moe]]",[80],2,mlp,shared_experts,3,model.layers.2.mlp.shared_experts.up_proj,aten.mm.default,[model.layers.2.mlp.shared_experts.up_proj.weight],decode,False
90,MLA+MoE,1,2,mlp,shared_experts,act_fn,,,silu,"[[B, 1, d_moe]]",,,"[[B, 1, d_moe]]",[88],2,mlp,shared_experts,3,model.layers.2.mlp.shared_experts.act_fn,aten.silu.default,[],decode,False
91,MLA+MoE,1,2,mlp,shared_experts,,,,elementwise_mul,"[[B, 1, d_moe], [B, 1, d_moe]]",,,"[[B, 1, d_moe]]","[89, 90]",2,mlp,shared_experts,2,model.layers.2.mlp.shared_experts,aten.mul.Tensor,[],decode,False
92,MLA+MoE,1,2,mlp,shared_experts,down_proj,,,matmul,"[[B, d_moe], [d_moe, d_model]]","[d_model, d_moe]",1,"[[B, d_model]]",[91],2,mlp,shared_experts,3,model.layers.2.mlp.shared_experts.down_proj,aten.mm.default,[model.layers.2.mlp.shared_experts.down_proj.weight],decode,False
93,MLA+MoE,1,2,mlp,,,,,elementwise_add,"[[B, 1, d_model], [B, 1, d_model]]",,,"[[B, 1, d_model]]","[87, 92]",2,mlp,,1,model.layers.2.mlp,aten.add.Tensor,[],decode,False
94,MLA+MoE,1,2,,,,,,elementwise_mul,"[[B, 1, n_hc, 1], [B, 1, 1, d_model]]",,,"[[B, 1, n_hc, d_model]]","[76, 93]",2,,,0,model.layers.2,aten.mul.Tensor,[],decode,False
95,MLA+MoE,1,2,,,,,,batched_matmul,"[[B, n_hc, n_hc], [B, n_hc, d_model]]",,,"[[B, n_hc, d_model]]","[72, 77]",2,,,0,model.layers.2,aten.bmm.default,[],decode,False
96,MLA+MoE,1,2,,,,,,elementwise_add,"[[B, 1, n_hc, d_model], [B, 1, n_hc, d_model]]",,,"[[B, 1, n_hc, d_model]]","[94, 95]",2,,,0,model.layers.2,aten.add.Tensor,[],decode,False
97,MLA+MoE,20,"3,5,7,9,11,13,15,17,19,21,23,25,27,29,31,33,35,37,39,41",attn_hc,input_norm,,,,rmsnorm,"[[B, 1, n_hc*d_model]]",,,"[[B, 1, n_hc*d_model]]",[96],3,attn_hc,input_norm,2,model.layers.3.attn_hc.input_norm,pow+mean+add+rsqrt+mul,[],decode,False
98,MLA+MoE,20,"3,5,7,9,11,13,15,17,19,21,23,25,27,29,31,33,35,37,39,41",attn_hc,,,,,matmul,"[[B, n_hc*d_model], [n_hc*d_model, (2+n_hc)*n_hc]]","[(2+n_hc)*n_hc, n_hc*d_model]",1,"[[B, (2+n_hc)*n_hc]]",[97],3,attn_hc,,1,model.layers.3.attn_hc,aten.mm.default,[model.layers.3.attn_hc.fn],decode,False
99,MLA+MoE,20,"3,5,7,9,11,13,15,17,19,21,23,25,27,29,31,33,35,37,39,41",attn_hc,,,,,sigmoid,"[[B, 1, n_hc]]",,,"[[B, 1, n_hc]]",[98],3,attn_hc,,1,model.layers.3.attn_hc,aten.sigmoid.default,[],decode,False
100,MLA+MoE,20,"3,5,7,9,11,13,15,17,19,21,23,25,27,29,31,33,35,37,39,41",attn_hc,,,,,sigmoid,"[[B, 1, n_hc]]",,,"[[B, 1, n_hc]]",[98],3,attn_hc,,1,model.layers.3.attn_hc,aten.sigmoid.default,[],decode,False
101,MLA+MoE,20,"3,5,7,9,11,13,15,17,19,21,23,25,27,29,31,33,35,37,39,41",attn_hc,,,,,softmax,"[[B, 1, n_hc, n_hc]]",,,"[[B, 1, n_hc, n_hc]]",[98],3,attn_hc,,1,model.layers.3.attn_hc,aten._softmax.default,[],decode,False
102,MLA+MoE,20,"3,5,7,9,11,13,15,17,19,21,23,25,27,29,31,33,35,37,39,41",input_layernorm,,,,,rmsnorm,"[[B, 1, d_model]]",[d_model],-1,"[[B, 1, d_model]]","[96, 99]",3,input_layernorm,,1,model.layers.3.input_layernorm,_to_copy+pow+mean+add+rsqrt+mul+_to_copy+mul,[model.layers.3.input_layernorm.weight],decode,False
103,MLA+MoE,20,"3,5,7,9,11,13,15,17,19,21,23,25,27,29,31,33,35,37,39,41",self_attn,q_a_proj,,,,matmul,"[[B, d_model], [d_model, c_q]]","[c_q, n_h*d_head/g_o]",1,"[[B, c_q]]",[102],3,self_attn,q_a_proj,2,model.layers.3.self_attn.q_a_proj,aten.mm.default,[model.layers.3.self_attn.q_a_proj.weight],decode,False
104,MLA+MoE,20,"3,5,7,9,11,13,15,17,19,21,23,25,27,29,31,33,35,37,39,41",self_attn,q_a_norm,,,,rmsnorm,"[[B, 1, c_q]]",[c_q],-1,"[[B, 1, c_q]]",[103],3,self_attn,q_a_norm,2,model.layers.3.self_attn.q_a_norm,_to_copy+pow+mean+add+rsqrt+mul+_to_copy+mul,[model.layers.3.self_attn.q_a_norm.weight],decode,False
105,MLA+MoE,20,"3,5,7,9,11,13,15,17,19,21,23,25,27,29,31,33,35,37,39,41",self_attn,q_b_proj,,,,matmul,"[[B, c_q], [c_q, n_h*d_head]]","[n_h*d_head, c_q]",1,"[[B, n_h*d_head]]",[104],3,self_attn,q_b_proj,2,model.layers.3.self_attn.q_b_proj,aten.mm.default,[model.layers.3.self_attn.q_b_proj.weight],decode,False
106,MLA+MoE,20,"3,5,7,9,11,13,15,17,19,21,23,25,27,29,31,33,35,37,39,41",self_attn,q_b_norm,,,,rmsnorm,"[[B, n_h, 1, d_head]]",,,"[[B, n_h, 1, d_head]]",[105],3,self_attn,q_b_norm,2,model.layers.3.self_attn.q_b_norm,_to_copy+pow+mean+add+rsqrt+_to_copy+mul,[],decode,False
107,MLA+MoE,20,"3,5,7,9,11,13,15,17,19,21,23,25,27,29,31,33,35,37,39,41",self_attn,kv_proj,,,,matmul,"[[B, d_model], [d_model, d_head]]","[d_head, n_h*d_head/g_o]",1,"[[B, d_head]]",[102],3,self_attn,kv_proj,2,model.layers.3.self_attn.kv_proj,aten.mm.default,[model.layers.3.self_attn.kv_proj.weight],decode,False
108,MLA+MoE,20,"3,5,7,9,11,13,15,17,19,21,23,25,27,29,31,33,35,37,39,41",self_attn,kv_norm,,,,rmsnorm,"[[B, 1, d_head]]",[d_head],-1,"[[B, 1, d_head]]",[107],3,self_attn,kv_norm,2,model.layers.3.self_attn.kv_norm,_to_copy+pow+mean+add+rsqrt+mul+_to_copy+mul,[model.layers.3.self_attn.kv_norm.weight],decode,False
109,MLA+MoE,20,"3,5,7,9,11,13,15,17,19,21,23,25,27,29,31,33,35,37,39,41",self_attn,compressor,kv_proj,,,matmul,"[[B, d_model], [d_model, d_head]]","[d_head, n_h*d_head/g_o]",1,"[[B, d_head]]",[102],3,self_attn,compressor,3,model.layers.3.self_attn.compressor.kv_proj,aten.mm.default,[model.layers.3.self_attn.compressor.kv_proj.weight],decode,False
110,MLA+MoE,20,"3,5,7,9,11,13,15,17,19,21,23,25,27,29,31,33,35,37,39,41",self_attn,compressor,gate_proj,,,matmul,"[[B, d_model], [d_model, d_head]]","[d_head, n_h*d_head/g_o]",1,"[[B, d_head]]",[102],3,self_attn,compressor,3,model.layers.3.self_attn.compressor.gate_proj,aten.mm.default,[model.layers.3.self_attn.compressor.gate_proj.weight],decode,False
111,MLA+MoE,20,"3,5,7,9,11,13,15,17,19,21,23,25,27,29,31,33,35,37,39,41",self_attn,,,,,batched_matmul,"[[n_h, B, d_head], [n_h, d_head, w_local+T/m_hca]]",,,"[[n_h, B, w_local+T/m_hca]]","[106, 108]",3,self_attn,,1,model.layers.3.self_attn,aten.bmm.default,[],decode,False
112,MLA+MoE,20,"3,5,7,9,11,13,15,17,19,21,23,25,27,29,31,33,35,37,39,41",self_attn,,,,,softmax,"[[B, n_h, 1, w_local+T/m_hca+1]]",,,"[[B, n_h, 1, w_local+T/m_hca+1]]",[111],3,self_attn,,1,model.layers.3.self_attn,aten._softmax.default,[],decode,False
113,MLA+MoE,20,"3,5,7,9,11,13,15,17,19,21,23,25,27,29,31,33,35,37,39,41",self_attn,,,,,batched_matmul,"[[n_h, B, w_local+T/m_hca], [n_h, w_local+T/m_hca, d_head]]",,,"[[n_h, B, d_head]]","[108, 112]",3,self_attn,,1,model.layers.3.self_attn,aten.bmm.default,[],decode,False
114,MLA+MoE,20,"3,5,7,9,11,13,15,17,19,21,23,25,27,29,31,33,35,37,39,41",self_attn,o_a_proj,,,,batched_matmul,"[[g_o, B, n_h*d_head/g_o], [g_o, n_h*d_head/g_o, c_q]]","[g_o*d_g, n_h*d_head/g_o]",-1,"[[g_o, B, c_q]]",[113],3,self_attn,o_a_proj,2,model.layers.3.self_attn.o_a_proj,aten.bmm.default,[model.layers.3.self_attn.o_a_proj.weight],decode,False
115,MLA+MoE,20,"3,5,7,9,11,13,15,17,19,21,23,25,27,29,31,33,35,37,39,41",self_attn,o_b_proj,,,,matmul,"[[B, g_o*d_g], [g_o*d_g, n_h*d_head/g_o]]","[n_h*d_head/g_o, g_o*d_g]",1,"[[B, n_h*d_head/g_o]]",[114],3,self_attn,o_b_proj,2,model.layers.3.self_attn.o_b_proj,aten.mm.default,[model.layers.3.self_attn.o_b_proj.weight],decode,False
116,MLA+MoE,20,"3,5,7,9,11,13,15,17,19,21,23,25,27,29,31,33,35,37,39,41",,,,,,elementwise_mul,"[[B, 1, n_hc, 1], [B, 1, 1, d_model]]",,,"[[B, 1, n_hc, d_model]]","[100, 115]",3,,,0,model.layers.3,aten.mul.Tensor,[],decode,False
117,MLA+MoE,20,"3,5,7,9,11,13,15,17,19,21,23,25,27,29,31,33,35,37,39,41",,,,,,batched_matmul,"[[B, n_hc, n_hc], [B, n_hc, d_model]]",,,"[[B, n_hc, d_model]]","[96, 101]",3,,,0,model.layers.3,aten.bmm.default,[],decode,False
118,MLA+MoE,20,"3,5,7,9,11,13,15,17,19,21,23,25,27,29,31,33,35,37,39,41",,,,,,elementwise_add,"[[B, 1, n_hc, d_model], [B, 1, n_hc, d_model]]",,,"[[B, 1, n_hc, d_model]]","[116, 117]",3,,,0,model.layers.3,aten.add.Tensor,[],decode,False
119,MLA+MoE,20,"3,5,7,9,11,13,15,17,19,21,23,25,27,29,31,33,35,37,39,41",ffn_hc,input_norm,,,,rmsnorm,"[[B, 1, n_hc*d_model]]",,,"[[B, 1, n_hc*d_model]]",[118],3,ffn_hc,input_norm,2,model.layers.3.ffn_hc.input_norm,pow+mean+add+rsqrt+mul,[],decode,False
120,MLA+MoE,20,"3,5,7,9,11,13,15,17,19,21,23,25,27,29,31,33,35,37,39,41",ffn_hc,,,,,matmul,"[[B, n_hc*d_model], [n_hc*d_model, (2+n_hc)*n_hc]]","[(2+n_hc)*n_hc, n_hc*d_model]",1,"[[B, (2+n_hc)*n_hc]]",[119],3,ffn_hc,,1,model.layers.3.ffn_hc,aten.mm.default,[model.layers.3.ffn_hc.fn],decode,False
121,MLA+MoE,20,"3,5,7,9,11,13,15,17,19,21,23,25,27,29,31,33,35,37,39,41",ffn_hc,,,,,sigmoid,"[[B, 1, n_hc]]",,,"[[B, 1, n_hc]]",[120],3,ffn_hc,,1,model.layers.3.ffn_hc,aten.sigmoid.default,[],decode,False
122,MLA+MoE,20,"3,5,7,9,11,13,15,17,19,21,23,25,27,29,31,33,35,37,39,41",ffn_hc,,,,,sigmoid,"[[B, 1, n_hc]]",,,"[[B, 1, n_hc]]",[120],3,ffn_hc,,1,model.layers.3.ffn_hc,aten.sigmoid.default,[],decode,False
123,MLA+MoE,20,"3,5,7,9,11,13,15,17,19,21,23,25,27,29,31,33,35,37,39,41",ffn_hc,,,,,softmax,"[[B, 1, n_hc, n_hc]]",,,"[[B, 1, n_hc, n_hc]]",[120],3,ffn_hc,,1,model.layers.3.ffn_hc,aten._softmax.default,[],decode,False
124,MLA+MoE,20,"3,5,7,9,11,13,15,17,19,21,23,25,27,29,31,33,35,37,39,41",ffn_hc,,,,,elementwise_mul,"[[B, 1, n_hc, 1], [B, 1, n_hc, d_model]]",,,"[[B, 1, n_hc, d_model]]","[118, 121]",3,ffn_hc,,1,model.layers.3.ffn_hc,aten.mul.Tensor,[],decode,False
125,MLA+MoE,20,"3,5,7,9,11,13,15,17,19,21,23,25,27,29,31,33,35,37,39,41",ffn_hc,,,,,sum,"[[B, 1, n_hc, d_model]]",,,"[[B, 1, d_model]]",[124],3,ffn_hc,,1,model.layers.3.ffn_hc,aten.sum.dim_IntList,[],decode,True
126,MLA+MoE,20,"3,5,7,9,11,13,15,17,19,21,23,25,27,29,31,33,35,37,39,41",post_attention_layernorm,,,,,rmsnorm,"[[B, 1, d_model]]",[d_model],-1,"[[B, 1, d_model]]",[125],3,post_attention_layernorm,,1,model.layers.3.post_attention_layernorm,_to_copy+pow+mean+add+rsqrt+mul+_to_copy+mul,[model.layers.3.post_attention_layernorm.weight],decode,False
127,MLA+MoE,20,"3,5,7,9,11,13,15,17,19,21,23,25,27,29,31,33,35,37,39,41",mlp,gate,,,,matmul,"[[B, d_model], [d_model, E]]","[E, d_model]",1,"[[B, E]]",[126],3,mlp,gate,2,model.layers.3.mlp.gate,aten.mm.default,[model.layers.3.mlp.gate.weight],decode,False
128,MLA+MoE,20,"3,5,7,9,11,13,15,17,19,21,23,25,27,29,31,33,35,37,39,41",mlp,experts,,,,grouped_matmul,"[[k, d_model], [E, d_model, d_model], [E]]","[E, d_model, d_model]",1,"[[k, 2*d_moe]]","[126, 127]",3,mlp,experts,2,model.layers.3.mlp.experts,aten._grouped_mm.default,[model.layers.3.mlp.experts.gate_up_proj],decode,False
129,MLA+MoE,20,"3,5,7,9,11,13,15,17,19,21,23,25,27,29,31,33,35,37,39,41",mlp,experts,act_fn,,,silu,"[[k, d_moe]]",,,"[[k, d_moe]]",[128],3,mlp,experts,3,model.layers.3.mlp.experts.act_fn,aten.silu.default,[],decode,False
130,MLA+MoE,20,"3,5,7,9,11,13,15,17,19,21,23,25,27,29,31,33,35,37,39,41",mlp,experts,,,,elementwise_mul,"[[k, d_moe], [k, d_moe]]",,,"[[k, d_moe]]","[128, 129]",3,mlp,experts,2,model.layers.3.mlp.experts,aten.mul.Tensor,[],decode,False
131,MLA+MoE,20,"3,5,7,9,11,13,15,17,19,21,23,25,27,29,31,33,35,37,39,41",mlp,experts,,,,grouped_matmul,"[[k, d_moe], [E, d_moe, d_model], [E]]","[E, d_model, d_moe]",1,"[[k, d_model]]","[127, 130]",3,mlp,experts,2,model.layers.3.mlp.experts,aten._grouped_mm.default,[model.layers.3.mlp.experts.down_proj],decode,False
132,MLA+MoE,20,"3,5,7,9,11,13,15,17,19,21,23,25,27,29,31,33,35,37,39,41",mlp,experts,,,,elementwise_mul,"[[k, d_model], [k, B]]",,,"[[k, d_model]]","[127, 131]",3,mlp,experts,2,model.layers.3.mlp.experts,aten.mul.Tensor,[],decode,False
133,MLA+MoE,20,"3,5,7,9,11,13,15,17,19,21,23,25,27,29,31,33,35,37,39,41",mlp,experts,,,,sum,"[[B, k, d_model]]",,,"[[B, d_model]]","[127, 132]",3,mlp,experts,2,model.layers.3.mlp.experts,aten.sum.dim_IntList,[],decode,True
134,MLA+MoE,20,"3,5,7,9,11,13,15,17,19,21,23,25,27,29,31,33,35,37,39,41",mlp,shared_experts,gate_proj,,,matmul,"[[B, d_model], [d_model, d_moe]]","[d_moe, d_model]",1,"[[B, d_moe]]",[126],3,mlp,shared_experts,3,model.layers.3.mlp.shared_experts.gate_proj,aten.mm.default,[model.layers.3.mlp.shared_experts.gate_proj.weight],decode,False
135,MLA+MoE,20,"3,5,7,9,11,13,15,17,19,21,23,25,27,29,31,33,35,37,39,41",mlp,shared_experts,up_proj,,,matmul,"[[B, d_model], [d_model, d_moe]]","[d_moe, d_model]",1,"[[B, d_moe]]",[126],3,mlp,shared_experts,3,model.layers.3.mlp.shared_experts.up_proj,aten.mm.default,[model.layers.3.mlp.shared_experts.up_proj.weight],decode,False
136,MLA+MoE,20,"3,5,7,9,11,13,15,17,19,21,23,25,27,29,31,33,35,37,39,41",mlp,shared_experts,act_fn,,,silu,"[[B, 1, d_moe]]",,,"[[B, 1, d_moe]]",[134],3,mlp,shared_experts,3,model.layers.3.mlp.shared_experts.act_fn,aten.silu.default,[],decode,False
137,MLA+MoE,20,"3,5,7,9,11,13,15,17,19,21,23,25,27,29,31,33,35,37,39,41",mlp,shared_experts,,,,elementwise_mul,"[[B, 1, d_moe], [B, 1, d_moe]]",,,"[[B, 1, d_moe]]","[135, 136]",3,mlp,shared_experts,2,model.layers.3.mlp.shared_experts,aten.mul.Tensor,[],decode,False
138,MLA+MoE,20,"3,5,7,9,11,13,15,17,19,21,23,25,27,29,31,33,35,37,39,41",mlp,shared_experts,down_proj,,,matmul,"[[B, d_moe], [d_moe, d_model]]","[d_model, d_moe]",1,"[[B, d_model]]",[137],3,mlp,shared_experts,3,model.layers.3.mlp.shared_experts.down_proj,aten.mm.default,[model.layers.3.mlp.shared_experts.down_proj.weight],decode,False
139,MLA+MoE,20,"3,5,7,9,11,13,15,17,19,21,23,25,27,29,31,33,35,37,39,41",mlp,,,,,elementwise_add,"[[B, 1, d_model], [B, 1, d_model]]",,,"[[B, 1, d_model]]","[133, 138]",3,mlp,,1,model.layers.3.mlp,aten.add.Tensor,[],decode,False
140,MLA+MoE,20,"3,5,7,9,11,13,15,17,19,21,23,25,27,29,31,33,35,37,39,41",,,,,,elementwise_mul,"[[B, 1, n_hc, 1], [B, 1, 1, d_model]]",,,"[[B, 1, n_hc, d_model]]","[122, 139]",3,,,0,model.layers.3,aten.mul.Tensor,[],decode,False
141,MLA+MoE,20,"3,5,7,9,11,13,15,17,19,21,23,25,27,29,31,33,35,37,39,41",,,,,,batched_matmul,"[[B, n_hc, n_hc], [B, n_hc, d_model]]",,,"[[B, n_hc, d_model]]","[118, 123]",3,,,0,model.layers.3,aten.bmm.default,[],decode,False
142,MLA+MoE,20,"3,5,7,9,11,13,15,17,19,21,23,25,27,29,31,33,35,37,39,41",,,,,,elementwise_add,"[[B, 1, n_hc, d_model], [B, 1, n_hc, d_model]]",,,"[[B, 1, n_hc, d_model]]","[140, 141]",3,,,0,model.layers.3,aten.add.Tensor,[],decode,False
143,MLA+MoE,20,"4,6,8,10,12,14,16,18,20,22,24,26,28,30,32,34,36,38,40,42",attn_hc,input_norm,,,,rmsnorm,"[[B, 1, n_hc*d_model]]",,,"[[B, 1, n_hc*d_model]]",[142],4,attn_hc,input_norm,2,model.layers.4.attn_hc.input_norm,pow+mean+add+rsqrt+mul,[],decode,False
144,MLA+MoE,20,"4,6,8,10,12,14,16,18,20,22,24,26,28,30,32,34,36,38,40,42",attn_hc,,,,,matmul,"[[B, n_hc*d_model], [n_hc*d_model, (2+n_hc)*n_hc]]","[(2+n_hc)*n_hc, n_hc*d_model]",1,"[[B, (2+n_hc)*n_hc]]",[143],4,attn_hc,,1,model.layers.4.attn_hc,aten.mm.default,[model.layers.4.attn_hc.fn],decode,False
145,MLA+MoE,20,"4,6,8,10,12,14,16,18,20,22,24,26,28,30,32,34,36,38,40,42",attn_hc,,,,,sigmoid,"[[B, 1, n_hc]]",,,"[[B, 1, n_hc]]",[144],4,attn_hc,,1,model.layers.4.attn_hc,aten.sigmoid.default,[],decode,False
146,MLA+MoE,20,"4,6,8,10,12,14,16,18,20,22,24,26,28,30,32,34,36,38,40,42",attn_hc,,,,,sigmoid,"[[B, 1, n_hc]]",,,"[[B, 1, n_hc]]",[144],4,attn_hc,,1,model.layers.4.attn_hc,aten.sigmoid.default,[],decode,False
147,MLA+MoE,20,"4,6,8,10,12,14,16,18,20,22,24,26,28,30,32,34,36,38,40,42",attn_hc,,,,,softmax,"[[B, 1, n_hc, n_hc]]",,,"[[B, 1, n_hc, n_hc]]",[144],4,attn_hc,,1,model.layers.4.attn_hc,aten._softmax.default,[],decode,False
148,MLA+MoE,20,"4,6,8,10,12,14,16,18,20,22,24,26,28,30,32,34,36,38,40,42",input_layernorm,,,,,rmsnorm,"[[B, 1, d_model]]",[d_model],-1,"[[B, 1, d_model]]","[142, 145]",4,input_layernorm,,1,model.layers.4.input_layernorm,_to_copy+pow+mean+add+rsqrt+mul+_to_copy+mul,[model.layers.4.input_layernorm.weight],decode,False
149,MLA+MoE,20,"4,6,8,10,12,14,16,18,20,22,24,26,28,30,32,34,36,38,40,42",self_attn,q_a_proj,,,,matmul,"[[B, d_model], [d_model, c_q]]","[c_q, n_h*d_head/g_o]",1,"[[B, c_q]]",[148],4,self_attn,q_a_proj,2,model.layers.4.self_attn.q_a_proj,aten.mm.default,[model.layers.4.self_attn.q_a_proj.weight],decode,False
150,MLA+MoE,20,"4,6,8,10,12,14,16,18,20,22,24,26,28,30,32,34,36,38,40,42",self_attn,q_a_norm,,,,rmsnorm,"[[B, 1, c_q]]",[c_q],-1,"[[B, 1, c_q]]",[149],4,self_attn,q_a_norm,2,model.layers.4.self_attn.q_a_norm,_to_copy+pow+mean+add+rsqrt+mul+_to_copy+mul,[model.layers.4.self_attn.q_a_norm.weight],decode,False
151,MLA+MoE,20,"4,6,8,10,12,14,16,18,20,22,24,26,28,30,32,34,36,38,40,42",self_attn,q_b_proj,,,,matmul,"[[B, c_q], [c_q, n_h*d_head]]","[n_h*d_head, c_q]",1,"[[B, n_h*d_head]]",[150],4,self_attn,q_b_proj,2,model.layers.4.self_attn.q_b_proj,aten.mm.default,[model.layers.4.self_attn.q_b_proj.weight],decode,False
152,MLA+MoE,20,"4,6,8,10,12,14,16,18,20,22,24,26,28,30,32,34,36,38,40,42",self_attn,q_b_norm,,,,rmsnorm,"[[B, n_h, 1, d_head]]",,,"[[B, n_h, 1, d_head]]",[151],4,self_attn,q_b_norm,2,model.layers.4.self_attn.q_b_norm,_to_copy+pow+mean+add+rsqrt+_to_copy+mul,[],decode,False
153,MLA+MoE,20,"4,6,8,10,12,14,16,18,20,22,24,26,28,30,32,34,36,38,40,42",self_attn,kv_proj,,,,matmul,"[[B, d_model], [d_model, d_head]]","[d_head, n_h*d_head/g_o]",1,"[[B, d_head]]",[148],4,self_attn,kv_proj,2,model.layers.4.self_attn.kv_proj,aten.mm.default,[model.layers.4.self_attn.kv_proj.weight],decode,False
154,MLA+MoE,20,"4,6,8,10,12,14,16,18,20,22,24,26,28,30,32,34,36,38,40,42",self_attn,kv_norm,,,,rmsnorm,"[[B, 1, d_head]]",[d_head],-1,"[[B, 1, d_head]]",[153],4,self_attn,kv_norm,2,model.layers.4.self_attn.kv_norm,_to_copy+pow+mean+add+rsqrt+mul+_to_copy+mul,[model.layers.4.self_attn.kv_norm.weight],decode,False
155,MLA+MoE,20,"4,6,8,10,12,14,16,18,20,22,24,26,28,30,32,34,36,38,40,42",self_attn,compressor,kv_proj,,,matmul,"[[B, d_model], [d_model, c_q]]","[c_q, n_h*d_head/g_o]",1,"[[B, c_q]]",[148],4,self_attn,compressor,3,model.layers.4.self_attn.compressor.kv_proj,aten.mm.default,[model.layers.4.self_attn.compressor.kv_proj.weight],decode,False
156,MLA+MoE,20,"4,6,8,10,12,14,16,18,20,22,24,26,28,30,32,34,36,38,40,42",self_attn,compressor,gate_proj,,,matmul,"[[B, d_model], [d_model, c_q]]","[c_q, n_h*d_head/g_o]",1,"[[B, c_q]]",[148],4,self_attn,compressor,3,model.layers.4.self_attn.compressor.gate_proj,aten.mm.default,[model.layers.4.self_attn.compressor.gate_proj.weight],decode,False
157,MLA+MoE,20,"4,6,8,10,12,14,16,18,20,22,24,26,28,30,32,34,36,38,40,42",self_attn,compressor,indexer,kv_proj,,matmul,"[[B, d_model], [d_model, d_head/2]]","[d_head/2, n_h*d_head/g_o]",1,"[[B, d_head/2]]",[148],4,self_attn,compressor,4,model.layers.4.self_attn.compressor.indexer.kv_proj,aten.mm.default,[model.layers.4.self_attn.compressor.indexer.kv_proj.weight],decode,False
158,MLA+MoE,20,"4,6,8,10,12,14,16,18,20,22,24,26,28,30,32,34,36,38,40,42",self_attn,compressor,indexer,gate_proj,,matmul,"[[B, d_model], [d_model, d_head/2]]","[d_head/2, n_h*d_head/g_o]",1,"[[B, d_head/2]]",[148],4,self_attn,compressor,4,model.layers.4.self_attn.compressor.indexer.gate_proj,aten.mm.default,[model.layers.4.self_attn.compressor.indexer.gate_proj.weight],decode,False
159,MLA+MoE,20,"4,6,8,10,12,14,16,18,20,22,24,26,28,30,32,34,36,38,40,42",self_attn,compressor,indexer,q_b_proj,,matmul,"[[B, c_q], [c_q, g_o*d_g]]","[g_o*d_g, c_q]",1,"[[B, g_o*d_g]]",[150],4,self_attn,compressor,4,model.layers.4.self_attn.compressor.indexer.q_b_proj,aten.mm.default,[model.layers.4.self_attn.compressor.indexer.q_b_proj.weight],decode,False
160,MLA+MoE,20,"4,6,8,10,12,14,16,18,20,22,24,26,28,30,32,34,36,38,40,42",self_attn,compressor,indexer,scorer,,batched_matmul,"[[B, n_h, c_I], [B, c_I, T/m_csa]]",,,"[[B, n_h, T/m_csa]]",[159],4,self_attn,compressor,4,model.layers.4.self_attn.compressor.indexer.scorer,aten.bmm.default,[],decode,False
161,MLA+MoE,20,"4,6,8,10,12,14,16,18,20,22,24,26,28,30,32,34,36,38,40,42",self_attn,compressor,indexer,scorer,,relu,"[[B, 1, n_h, T/m_csa]]",,,"[[B, 1, n_h, T/m_csa]]",[160],4,self_attn,compressor,4,model.layers.4.self_attn.compressor.indexer.scorer,aten.relu.default,[],decode,True
162,MLA+MoE,20,"4,6,8,10,12,14,16,18,20,22,24,26,28,30,32,34,36,38,40,42",self_attn,compressor,indexer,scorer,weights_proj,matmul,"[[B, d_model], [d_model, n_h]]","[n_h, n_h*d_head/g_o]",1,"[[B, n_h]]",[148],4,self_attn,compressor,5,model.layers.4.self_attn.compressor.indexer.scorer.weights_proj,aten.mm.default,[model.layers.4.self_attn.compressor.indexer.scorer.weights_proj.weight],decode,False
163,MLA+MoE,20,"4,6,8,10,12,14,16,18,20,22,24,26,28,30,32,34,36,38,40,42",self_attn,,,,,batched_matmul,"[[n_h, B, d_head], [n_h, d_head, w_local+T/m_csa]]",,,"[[n_h, B, w_local+T/m_csa]]","[152, 154]",4,self_attn,,1,model.layers.4.self_attn,aten.bmm.default,[],decode,False
164,MLA+MoE,20,"4,6,8,10,12,14,16,18,20,22,24,26,28,30,32,34,36,38,40,42",self_attn,,,,,softmax,"[[B, n_h, 1, w_local+T/m_csa+1]]",,,"[[B, n_h, 1, w_local+T/m_csa+1]]","[161, 162, 163]",4,self_attn,,1,model.layers.4.self_attn,aten._softmax.default,[],decode,False
165,MLA+MoE,20,"4,6,8,10,12,14,16,18,20,22,24,26,28,30,32,34,36,38,40,42",self_attn,,,,,batched_matmul,"[[n_h, B, w_local+T/m_csa], [n_h, w_local+T/m_csa, d_head]]",,,"[[n_h, B, d_head]]","[154, 164]",4,self_attn,,1,model.layers.4.self_attn,aten.bmm.default,[],decode,False
166,MLA+MoE,20,"4,6,8,10,12,14,16,18,20,22,24,26,28,30,32,34,36,38,40,42",self_attn,o_a_proj,,,,batched_matmul,"[[g_o, B, n_h*d_head/g_o], [g_o, n_h*d_head/g_o, c_q]]","[g_o*d_g, n_h*d_head/g_o]",-1,"[[g_o, B, c_q]]",[165],4,self_attn,o_a_proj,2,model.layers.4.self_attn.o_a_proj,aten.bmm.default,[model.layers.4.self_attn.o_a_proj.weight],decode,False
167,MLA+MoE,20,"4,6,8,10,12,14,16,18,20,22,24,26,28,30,32,34,36,38,40,42",self_attn,o_b_proj,,,,matmul,"[[B, g_o*d_g], [g_o*d_g, n_h*d_head/g_o]]","[n_h*d_head/g_o, g_o*d_g]",1,"[[B, n_h*d_head/g_o]]",[166],4,self_attn,o_b_proj,2,model.layers.4.self_attn.o_b_proj,aten.mm.default,[model.layers.4.self_attn.o_b_proj.weight],decode,False
168,MLA+MoE,20,"4,6,8,10,12,14,16,18,20,22,24,26,28,30,32,34,36,38,40,42",,,,,,elementwise_mul,"[[B, 1, n_hc, 1], [B, 1, 1, d_model]]",,,"[[B, 1, n_hc, d_model]]","[146, 167]",4,,,0,model.layers.4,aten.mul.Tensor,[],decode,False
169,MLA+MoE,20,"4,6,8,10,12,14,16,18,20,22,24,26,28,30,32,34,36,38,40,42",,,,,,batched_matmul,"[[B, n_hc, n_hc], [B, n_hc, d_model]]",,,"[[B, n_hc, d_model]]","[142, 147]",4,,,0,model.layers.4,aten.bmm.default,[],decode,False
170,MLA+MoE,20,"4,6,8,10,12,14,16,18,20,22,24,26,28,30,32,34,36,38,40,42",,,,,,elementwise_add,"[[B, 1, n_hc, d_model], [B, 1, n_hc, d_model]]",,,"[[B, 1, n_hc, d_model]]","[168, 169]",4,,,0,model.layers.4,aten.add.Tensor,[],decode,False
171,MLA+MoE,20,"4,6,8,10,12,14,16,18,20,22,24,26,28,30,32,34,36,38,40,42",ffn_hc,input_norm,,,,rmsnorm,"[[B, 1, n_hc*d_model]]",,,"[[B, 1, n_hc*d_model]]",[170],4,ffn_hc,input_norm,2,model.layers.4.ffn_hc.input_norm,pow+mean+add+rsqrt+mul,[],decode,False
172,MLA+MoE,20,"4,6,8,10,12,14,16,18,20,22,24,26,28,30,32,34,36,38,40,42",ffn_hc,,,,,matmul,"[[B, n_hc*d_model], [n_hc*d_model, (2+n_hc)*n_hc]]","[(2+n_hc)*n_hc, n_hc*d_model]",1,"[[B, (2+n_hc)*n_hc]]",[171],4,ffn_hc,,1,model.layers.4.ffn_hc,aten.mm.default,[model.layers.4.ffn_hc.fn],decode,False
173,MLA+MoE,20,"4,6,8,10,12,14,16,18,20,22,24,26,28,30,32,34,36,38,40,42",ffn_hc,,,,,sigmoid,"[[B, 1, n_hc]]",,,"[[B, 1, n_hc]]",[172],4,ffn_hc,,1,model.layers.4.ffn_hc,aten.sigmoid.default,[],decode,False
174,MLA+MoE,20,"4,6,8,10,12,14,16,18,20,22,24,26,28,30,32,34,36,38,40,42",ffn_hc,,,,,sigmoid,"[[B, 1, n_hc]]",,,"[[B, 1, n_hc]]",[172],4,ffn_hc,,1,model.layers.4.ffn_hc,aten.sigmoid.default,[],decode,False
175,MLA+MoE,20,"4,6,8,10,12,14,16,18,20,22,24,26,28,30,32,34,36,38,40,42",ffn_hc,,,,,softmax,"[[B, 1, n_hc, n_hc]]",,,"[[B, 1, n_hc, n_hc]]",[172],4,ffn_hc,,1,model.layers.4.ffn_hc,aten._softmax.default,[],decode,False
176,MLA+MoE,20,"4,6,8,10,12,14,16,18,20,22,24,26,28,30,32,34,36,38,40,42",ffn_hc,,,,,elementwise_mul,"[[B, 1, n_hc, 1], [B, 1, n_hc, d_model]]",,,"[[B, 1, n_hc, d_model]]","[170, 173]",4,ffn_hc,,1,model.layers.4.ffn_hc,aten.mul.Tensor,[],decode,False
177,MLA+MoE,20,"4,6,8,10,12,14,16,18,20,22,24,26,28,30,32,34,36,38,40,42",ffn_hc,,,,,sum,"[[B, 1, n_hc, d_model]]",,,"[[B, 1, d_model]]",[176],4,ffn_hc,,1,model.layers.4.ffn_hc,aten.sum.dim_IntList,[],decode,True
178,MLA+MoE,20,"4,6,8,10,12,14,16,18,20,22,24,26,28,30,32,34,36,38,40,42",post_attention_layernorm,,,,,rmsnorm,"[[B, 1, d_model]]",[d_model],-1,"[[B, 1, d_model]]",[177],4,post_attention_layernorm,,1,model.layers.4.post_attention_layernorm,_to_copy+pow+mean+add+rsqrt+mul+_to_copy+mul,[model.layers.4.post_attention_layernorm.weight],decode,False
179,MLA+MoE,20,"4,6,8,10,12,14,16,18,20,22,24,26,28,30,32,34,36,38,40,42",mlp,gate,,,,matmul,"[[B, d_model], [d_model, E]]","[E, d_model]",1,"[[B, E]]",[178],4,mlp,gate,2,model.layers.4.mlp.gate,aten.mm.default,[model.layers.4.mlp.gate.weight],decode,False
180,MLA+MoE,20,"4,6,8,10,12,14,16,18,20,22,24,26,28,30,32,34,36,38,40,42",mlp,experts,,,,grouped_matmul,"[[k, d_model], [E, d_model, d_model], [E]]","[E, d_model, d_model]",1,"[[k, 2*d_moe]]","[178, 179]",4,mlp,experts,2,model.layers.4.mlp.experts,aten._grouped_mm.default,[model.layers.4.mlp.experts.gate_up_proj],decode,False
181,MLA+MoE,20,"4,6,8,10,12,14,16,18,20,22,24,26,28,30,32,34,36,38,40,42",mlp,experts,act_fn,,,silu,"[[k, d_moe]]",,,"[[k, d_moe]]",[180],4,mlp,experts,3,model.layers.4.mlp.experts.act_fn,aten.silu.default,[],decode,False
182,MLA+MoE,20,"4,6,8,10,12,14,16,18,20,22,24,26,28,30,32,34,36,38,40,42",mlp,experts,,,,elementwise_mul,"[[k, d_moe], [k, d_moe]]",,,"[[k, d_moe]]","[180, 181]",4,mlp,experts,2,model.layers.4.mlp.experts,aten.mul.Tensor,[],decode,False
183,MLA+MoE,20,"4,6,8,10,12,14,16,18,20,22,24,26,28,30,32,34,36,38,40,42",mlp,experts,,,,grouped_matmul,"[[k, d_moe], [E, d_moe, d_model], [E]]","[E, d_model, d_moe]",1,"[[k, d_model]]","[179, 182]",4,mlp,experts,2,model.layers.4.mlp.experts,aten._grouped_mm.default,[model.layers.4.mlp.experts.down_proj],decode,False
184,MLA+MoE,20,"4,6,8,10,12,14,16,18,20,22,24,26,28,30,32,34,36,38,40,42",mlp,experts,,,,elementwise_mul,"[[k, d_model], [k, B]]",,,"[[k, d_model]]","[179, 183]",4,mlp,experts,2,model.layers.4.mlp.experts,aten.mul.Tensor,[],decode,False
185,MLA+MoE,20,"4,6,8,10,12,14,16,18,20,22,24,26,28,30,32,34,36,38,40,42",mlp,experts,,,,sum,"[[B, k, d_model]]",,,"[[B, d_model]]","[179, 184]",4,mlp,experts,2,model.layers.4.mlp.experts,aten.sum.dim_IntList,[],decode,True
186,MLA+MoE,20,"4,6,8,10,12,14,16,18,20,22,24,26,28,30,32,34,36,38,40,42",mlp,shared_experts,gate_proj,,,matmul,"[[B, d_model], [d_model, d_moe]]","[d_moe, d_model]",1,"[[B, d_moe]]",[178],4,mlp,shared_experts,3,model.layers.4.mlp.shared_experts.gate_proj,aten.mm.default,[model.layers.4.mlp.shared_experts.gate_proj.weight],decode,False
187,MLA+MoE,20,"4,6,8,10,12,14,16,18,20,22,24,26,28,30,32,34,36,38,40,42",mlp,shared_experts,up_proj,,,matmul,"[[B, d_model], [d_model, d_moe]]","[d_moe, d_model]",1,"[[B, d_moe]]",[178],4,mlp,shared_experts,3,model.layers.4.mlp.shared_experts.up_proj,aten.mm.default,[model.layers.4.mlp.shared_experts.up_proj.weight],decode,False
188,MLA+MoE,20,"4,6,8,10,12,14,16,18,20,22,24,26,28,30,32,34,36,38,40,42",mlp,shared_experts,act_fn,,,silu,"[[B, 1, d_moe]]",,,"[[B, 1, d_moe]]",[186],4,mlp,shared_experts,3,model.layers.4.mlp.shared_experts.act_fn,aten.silu.default,[],decode,False
189,MLA+MoE,20,"4,6,8,10,12,14,16,18,20,22,24,26,28,30,32,34,36,38,40,42",mlp,shared_experts,,,,elementwise_mul,"[[B, 1, d_moe], [B, 1, d_moe]]",,,"[[B, 1, d_moe]]","[187, 188]",4,mlp,shared_experts,2,model.layers.4.mlp.shared_experts,aten.mul.Tensor,[],decode,False
190,MLA+MoE,20,"4,6,8,10,12,14,16,18,20,22,24,26,28,30,32,34,36,38,40,42",mlp,shared_experts,down_proj,,,matmul,"[[B, d_moe], [d_moe, d_model]]","[d_model, d_moe]",1,"[[B, d_model]]",[189],4,mlp,shared_experts,3,model.layers.4.mlp.shared_experts.down_proj,aten.mm.default,[model.layers.4.mlp.shared_experts.down_proj.weight],decode,False
191,MLA+MoE,20,"4,6,8,10,12,14,16,18,20,22,24,26,28,30,32,34,36,38,40,42",mlp,,,,,elementwise_add,"[[B, 1, d_model], [B, 1, d_model]]",,,"[[B, 1, d_model]]","[185, 190]",4,mlp,,1,model.layers.4.mlp,aten.add.Tensor,[],decode,False
192,MLA+MoE,20,"4,6,8,10,12,14,16,18,20,22,24,26,28,30,32,34,36,38,40,42",,,,,,elementwise_mul,"[[B, 1, n_hc, 1], [B, 1, 1, d_model]]",,,"[[B, 1, n_hc, d_model]]","[174, 191]",4,,,0,model.layers.4,aten.mul.Tensor,[],decode,False
193,MLA+MoE,20,"4,6,8,10,12,14,16,18,20,22,24,26,28,30,32,34,36,38,40,42",,,,,,batched_matmul,"[[B, n_hc, n_hc], [B, n_hc, d_model]]",,,"[[B, n_hc, d_model]]","[170, 175]",4,,,0,model.layers.4,aten.bmm.default,[],decode,False
194,MLA+MoE,20,"4,6,8,10,12,14,16,18,20,22,24,26,28,30,32,34,36,38,40,42",,,,,,elementwise_add,"[[B, 1, n_hc, d_model], [B, 1, n_hc, d_model]]",,,"[[B, 1, n_hc, d_model]]","[192, 193]",4,,,0,model.layers.4,aten.add.Tensor,[],decode,False
195,norm,1,,model,hc_head,input_norm,,,rmsnorm,"[[B, 1, n_hc*d_model]]",,,"[[B, 1, n_hc*d_model]]",[194],,other,,3,model.hc_head.input_norm,pow+mean+add+rsqrt+mul,[],decode,False
196,-,1,,model,hc_head,,,,matmul,"[[B, n_hc*d_model], [n_hc*d_model, n_hc]]","[n_hc, n_hc*d_model]",1,"[[B, n_hc]]",[195],,other,,2,model.hc_head,aten.mm.default,[model.hc_head.hc_fn],decode,False
197,-,1,,model,hc_head,,,,sigmoid,"[[B, 1, n_hc]]",,,"[[B, 1, n_hc]]",[196],,other,,2,model.hc_head,aten.sigmoid.default,[],decode,False
198,-,1,,model,hc_head,,,,elementwise_mul,"[[B, 1, n_hc, 1], [B, 1, n_hc, d_model]]",,,"[[B, 1, n_hc, d_model]]","[194, 197]",,other,,2,model.hc_head,aten.mul.Tensor,[],decode,False
199,-,1,,model,hc_head,,,,sum,"[[B, 1, n_hc, d_model]]",,,"[[B, 1, d_model]]",[198],,other,,2,model.hc_head,aten.sum.dim_IntList,[],decode,True
200,norm,1,,model,norm,,,,rmsnorm,"[[B, 1, d_model]]",[d_model],-1,"[[B, 1, d_model]]",[199],,other,,2,model.norm,_to_copy+pow+mean+add+rsqrt+mul+_to_copy+mul,[model.norm.weight],decode,False
201,head,1,,lm_head,,,,,matmul,"[[B, d_model], [d_model, V]]","[V, d_model]",1,"[[B, V]]",[200],,other,,1,lm_head,aten.mm.default,[lm_head.weight],decode,False
